label , time
float32, 1.192093e-07
float64, 2.220446e-16
