label , error , time
float16 , 2.220446049250313e-16 , 8.940696716308594e-05
float32 , 2.220446049250313e-16 , 5.054473876953125e-05
float64 , 2.220446049250313e-16 , 4.506111145019531e-05
